{
    "mainnet": 137903.33332300003,
    "arbitrum": 79753.72102,
    "polygon": 25831.69876,
    "base": 3463.629101,
    "gnosis": 29506.37495,
    "avalanche": 20787.224967,
    "zkevm": 0
}
