{
    "mainnet": 148028.8463,
    "arbitrum": 80013.4232,
    "polygon": 23199.86328,
    "base": 2437.970503,
    "gnosis": 20680.30342,
    "avalanche": 46856.05693,
    "zkevm": 0
}
