target,platform,amount
0x16b0056636Fcc85f92C49cD49a24bc519d4A1941,payment,3085.640418954181762954516202
0xea06e1b4259730724885a39CE3ca670eFB020E26,beets,141.8965909996030087151124349
